{
    "name": "root",
    "gauges": {
        "JumperAgent.Policy.Entropy.mean": {
            "value": 0.8397343754768372,
            "min": 0.8397343754768372,
            "max": 1.425360918045044,
            "count": 80
        },
        "JumperAgent.Policy.Entropy.sum": {
            "value": 4205.3896484375,
            "min": 4160.7626953125,
            "max": 7320.65380859375,
            "count": 80
        },
        "JumperAgent.Environment.EpisodeLength.mean": {
            "value": 22.88995215311005,
            "min": 18.52140077821012,
            "max": 23.164251207729468,
            "count": 80
        },
        "JumperAgent.Environment.EpisodeLength.sum": {
            "value": 4784.0,
            "min": 4752.0,
            "max": 4816.0,
            "count": 80
        },
        "JumperAgent.Step.mean": {
            "value": 399988.0,
            "min": 4987.0,
            "max": 399988.0,
            "count": 80
        },
        "JumperAgent.Step.sum": {
            "value": 399988.0,
            "min": 4987.0,
            "max": 399988.0,
            "count": 80
        },
        "JumperAgent.Policy.ExtrinsicValueEstimate.mean": {
            "value": 0.8632120490074158,
            "min": 0.12915858626365662,
            "max": 0.8699910640716553,
            "count": 80
        },
        "JumperAgent.Policy.ExtrinsicValueEstimate.sum": {
            "value": 180.41131591796875,
            "min": 33.064598083496094,
            "max": 185.28704833984375,
            "count": 80
        },
        "JumperAgent.Environment.CumulativeReward.mean": {
            "value": 0.9497607655502392,
            "min": 0.021484375,
            "max": 0.971830985915493,
            "count": 80
        },
        "JumperAgent.Environment.CumulativeReward.sum": {
            "value": 198.5,
            "min": 5.5,
            "max": 207.0,
            "count": 80
        },
        "JumperAgent.Policy.ExtrinsicReward.mean": {
            "value": 0.9497607655502392,
            "min": 0.021484375,
            "max": 0.971830985915493,
            "count": 80
        },
        "JumperAgent.Policy.ExtrinsicReward.sum": {
            "value": 198.5,
            "min": 5.5,
            "max": 207.0,
            "count": 80
        },
        "JumperAgent.Losses.PolicyLoss.mean": {
            "value": 0.23965244035613856,
            "min": 0.22934337610774824,
            "max": 0.25648145109494414,
            "count": 80
        },
        "JumperAgent.Losses.PolicyLoss.sum": {
            "value": 10.305054935313958,
            "min": 10.091108548740923,
            "max": 11.375850121082589,
            "count": 80
        },
        "JumperAgent.Losses.ValueLoss.mean": {
            "value": 0.040092165001664716,
            "min": 0.01897058592805201,
            "max": 0.3144161617359712,
            "count": 80
        },
        "JumperAgent.Losses.ValueLoss.sum": {
            "value": 1.7239630950715827,
            "min": 0.8157351949062364,
            "max": 14.148727278118704,
            "count": 80
        },
        "JumperAgent.Policy.LearningRate.mean": {
            "value": 1.8471924075581422e-06,
            "min": 1.8471924075581422e-06,
            "max": 0.0002980793173068945,
            "count": 80
        },
        "JumperAgent.Policy.LearningRate.sum": {
            "value": 7.942927352500011e-05,
            "min": 7.942927352500011e-05,
            "max": 0.013413569278810253,
            "count": 80
        },
        "JumperAgent.Policy.Epsilon.mean": {
            "value": 0.10061569767441864,
            "min": 0.10061569767441864,
            "max": 0.1993597722222222,
            "count": 80
        },
        "JumperAgent.Policy.Epsilon.sum": {
            "value": 4.326475000000001,
            "min": 4.326475000000001,
            "max": 8.971189749999999,
            "count": 80
        },
        "JumperAgent.Policy.Beta.mean": {
            "value": 0.0005,
            "min": 0.0005,
            "max": 0.0005000000000000001,
            "count": 80
        },
        "JumperAgent.Policy.Beta.sum": {
            "value": 0.021500000000000002,
            "min": 0.021,
            "max": 0.023000000000000007,
            "count": 80
        },
        "JumperAgent.IsTraining.mean": {
            "value": 1.0,
            "min": 1.0,
            "max": 1.0,
            "count": 80
        },
        "JumperAgent.IsTraining.sum": {
            "value": 1.0,
            "min": 1.0,
            "max": 1.0,
            "count": 80
        }
    },
    "metadata": {
        "timer_format_version": "0.1.0",
        "start_time_seconds": "1649276899",
        "python_version": "3.9.7 (default, Sep 16 2021, 16:59:28) [MSC v.1916 64 bit (AMD64)]",
        "command_line_arguments": "C:\\Users\\evert\\miniconda3\\Scripts\\mlagents-learn config/JumperAgent.yaml --run-id JumperAgent --force",
        "mlagents_version": "0.28.0",
        "mlagents_envs_version": "0.28.0",
        "communication_protocol_version": "1.5.0",
        "pytorch_version": "1.7.1+cu110",
        "numpy_version": "1.22.3",
        "end_time_seconds": "1649279209"
    },
    "total": 2309.37497,
    "count": 1,
    "self": 0.010899099999733153,
    "children": {
        "run_training.setup": {
            "total": 0.13089450000000014,
            "count": 1,
            "self": 0.13089450000000014
        },
        "TrainerController.start_learning": {
            "total": 2309.2331764,
            "count": 1,
            "self": 0.9574288000308115,
            "children": {
                "TrainerController._reset_env": {
                    "total": 7.7336153,
                    "count": 1,
                    "self": 7.7336153
                },
                "TrainerController.advance": {
                    "total": 2300.327274799969,
                    "count": 40249,
                    "self": 0.8633349999736311,
                    "children": {
                        "env_step": {
                            "total": 401.8740739000069,
                            "count": 40249,
                            "self": 291.7299334000063,
                            "children": {
                                "SubprocessEnvManager._take_step": {
                                    "total": 109.6180853999846,
                                    "count": 40249,
                                    "self": 1.979022299977359,
                                    "children": {
                                        "TorchPolicy.evaluate": {
                                            "total": 107.63906310000723,
                                            "count": 25013,
                                            "self": 37.82240800001989,
                                            "children": {
                                                "TorchPolicy.sample_actions": {
                                                    "total": 69.81665509998734,
                                                    "count": 25013,
                                                    "self": 69.81665509998734
                                                }
                                            }
                                        }
                                    }
                                },
                                "workers": {
                                    "total": 0.5260551000160589,
                                    "count": 40249,
                                    "self": 0.0,
                                    "children": {
                                        "worker_root": {
                                            "total": 2301.9800060999773,
                                            "count": 40249,
                                            "is_parallel": true,
                                            "self": 2058.492019899937,