{
    "name": "root",
    "gauges": {
        "JumperAgent.Policy.Entropy.mean": {
            "value": 0.7088607549667358,
            "min": 0.708533525466919,
            "max": 1.4373176097869873,
            "count": 80
        },
        "JumperAgent.Policy.Entropy.sum": {
            "value": 3618.025390625,
            "min": 3495.53955078125,
            "max": 7356.203125,
            "count": 80
        },
        "JumperAgent.Environment.EpisodeLength.mean": {
            "value": 18.9402390438247,
            "min": 17.33823529411765,
            "max": 19.357723577235774,
            "count": 80
        },
        "JumperAgent.Environment.EpisodeLength.sum": {
            "value": 4754.0,
            "min": 4716.0,
            "max": 4770.0,
            "count": 80
        },
        "JumperAgent.Step.mean": {
            "value": 399995.0,
            "min": 4998.0,
            "max": 399995.0,
            "count": 80
        },
        "JumperAgent.Step.sum": {
            "value": 399995.0,
            "min": 4998.0,
            "max": 399995.0,
            "count": 80
        },
        "JumperAgent.Policy.ExtrinsicValueEstimate.mean": {
            "value": 0.8791126608848572,
            "min": 0.2954477369785309,
            "max": 0.8974592089653015,
            "count": 80
        },
        "JumperAgent.Policy.ExtrinsicValueEstimate.sum": {
            "value": 220.6572723388672,
            "min": 79.77088928222656,
            "max": 231.05126953125,
            "count": 80
        },
        "JumperAgent.Environment.CumulativeReward.mean": {
            "value": 0.9721115537848606,
            "min": 0.3037037037037037,
            "max": 0.9939516129032258,
            "count": 80
        },
        "JumperAgent.Environment.CumulativeReward.sum": {
            "value": 244.0,
            "min": 82.0,
            "max": 253.5,
            "count": 80
        },
        "JumperAgent.Policy.ExtrinsicReward.mean": {
            "value": 0.9721115537848606,
            "min": 0.3037037037037037,
            "max": 0.9939516129032258,
            "count": 80
        },
        "JumperAgent.Policy.ExtrinsicReward.sum": {
            "value": 244.0,
            "min": 82.0,
            "max": 253.5,
            "count": 80
        },
        "JumperAgent.Losses.PolicyLoss.mean": {
            "value": 0.24182747422040016,
            "min": 0.23550109095631022,
            "max": 0.25435895671375064,
            "count": 80
        },
        "JumperAgent.Losses.PolicyLoss.sum": {
            "value": 10.882236339918007,
            "min": 10.311539007998332,
            "max": 11.446153052118778,
            "count": 80
        },
        "JumperAgent.Losses.ValueLoss.mean": {
            "value": 0.0228247448304911,
            "min": 0.00852740326416669,
            "max": 0.2806243470873799,
            "count": 80
        },
        "JumperAgent.Losses.ValueLoss.sum": {
            "value": 1.0271135173720995,
            "min": 0.3752057436233343,
            "max": 12.524597397676875,
            "count": 80
        },
        "JumperAgent.Policy.LearningRate.mean": {
            "value": 1.8832660389444437e-06,
            "min": 1.8832660389444437e-06,
            "max": 0.0002981218131260625,
            "count": 80
        },
        "JumperAgent.Policy.LearningRate.sum": {
            "value": 8.474697175249996e-05,
            "min": 8.474697175249996e-05,
            "max": 0.01324687433437525,
            "count": 80
        },
        "JumperAgent.Policy.Epsilon.mean": {
            "value": 0.10062772222222224,
            "min": 0.10062772222222224,
            "max": 0.19937393750000004,
            "count": 80
        },
        "JumperAgent.Policy.Epsilon.sum": {
            "value": 4.528247500000001,
            "min": 4.38081975,
            "max": 8.941024500000001,
            "count": 80
        },
        "JumperAgent.Policy.Beta.mean": {
            "value": 0.0005000000000000001,
            "min": 0.0005,
            "max": 0.0005000000000000001,
            "count": 80
        },
        "JumperAgent.Policy.Beta.sum": {
            "value": 0.022500000000000006,
            "min": 0.021500000000000005,
            "max": 0.023000000000000007,
            "count": 80
        },
        "JumperAgent.IsTraining.mean": {
            "value": 1.0,
            "min": 1.0,
            "max": 1.0,
            "count": 80
        },
        "JumperAgent.IsTraining.sum": {
            "value": 1.0,
            "min": 1.0,
            "max": 1.0,
            "count": 80
        }
    },
    "metadata": {
        "timer_format_version": "0.1.0",
        "start_time_seconds": "1649332111",
        "python_version": "3.9.7 (default, Sep 16 2021, 16:59:28) [MSC v.1916 64 bit (AMD64)]",
        "command_line_arguments": "C:\\Users\\evert\\miniconda3\\Scripts\\mlagents-learn config/JumperAgent.yaml --run-id JumperAgent --force",
        "mlagents_version": "0.28.0",
        "mlagents_envs_version": "0.28.0",
        "communication_protocol_version": "1.5.0",
        "pytorch_version": "1.7.1+cu110",
        "numpy_version": "1.22.3",
        "end_time_seconds": "1649334574"
    },
    "total": 2463.3469273,
    "count": 1,
    "self": 0.037732600000254024,
    "children": {
        "run_training.setup": {
            "total": 0.12169619999999992,
            "count": 1,
            "self": 0.12169619999999992
        },
        "TrainerController.start_learning": {
            "total": 2463.1874985,
            "count": 1,
            "self": 1.0385101000165378,
            "children": {
                "TrainerController._reset_env": {
                    "total": 6.8720948,
                    "count": 1,
                    "self": 6.8720948
                },
                "TrainerController.advance": {
                    "total": 2455.1076289999833,
                    "count": 42741,
                    "self": 0.9941436999738471,
                    "children": {
                        "env_step": {
                            "total": 432.93442789999256,
                            "count": 42741,
                            "self": 321.0292387999765,
                            "children": {
                                "SubprocessEnvManager._take_step": {
                                    "total": 111.33949410001941,
                                    "count": 42741,
                                    "self": 2.1282271000206094,
                                    "children": {
                                        "TorchPolicy.evaluate": {
                                            "total": 109.2112669999988,
                                            "count": 25012,
                                            "self": 38.198097700004126,
                                            "children": {
                                                "TorchPolicy.sample_actions": {
                                                    "total": 71.01316929999467,
                                                    "count": 25012,
                                                    "self": 71.01316929999467
                                                }
                                            }
                                        }
                                    }
                                },
                                "workers": {
                                    "total": 0.5656949999966248,
                                    "count": 42741,
                                    "self": 0.0,
                                    "children": {
                                        "worker_root": {
                                            "total": 2455.862242100012,
                                            "count": 42741,
                                            "is_parallel": true,
                                            "self": 2185.7403309999754,